"År";"Kommun";"Skolenhet";"Huvud- man";"Föräldrarnas genomsnittliga utbildningsnivå";"Andel (%) nyinvandrade";"Andel (%) födda utomlands";"Andel (%) med utländsk bakgrund";"Andel (%) pojkar";"Faktiskt värde (F)";"Modell- beräknat värde (B)";"Residual (R=F-B)";"Faktiskt värde (F)";"Modell- beräknat värde (B)";"Residual (R=F-B)";
"2025";"Malmö";"Europaportens grundskola";"Ensk.";"2,7";"0";"";"";"48";"88";"87";"1";"290";"255";"35"
"2025";"Malmö";"Videdals privatskolor";"Ensk.";"2,5";"0";"";"";"50";"94";"78";"16";"283";"239";"44"
"2025";"Malmö";"Bladins grundskola";"Ensk.";"2,8";"0";"";"";"45";"96";"90";"6";"278";"263";"15"
"2025";"Malmö";"Kastanjeskolan";"Ensk.";"2,6";"0";"";"";"46";"92";"84";"7";"277";"251";"26"
"2025";"Malmö";"Bäckagårdsskolan";"Kom.";"2,4";"7";"";"";"55";"89";"72";"17";"274";"231";"43"
"2025";"Malmö";"Sveaskolan LIMHAMN";"Ensk.";"2,8";"0";"";"";"51";"97";"91";"6";"271";"262";"9"
"2025";"Malmö";"Ängsdals skolor AB";"Ensk.";"2,7";"0";"";"";"43";"93";"88";"5";"271";"259";"11"
"2025";"Malmö";"Malmö Idrottsgrundskola";"Kom.";"2,6";"0";"";"";"52";"96";"84";"12";"269";"249";"21"
"2025";"Malmö";"Östra Skolan Dibber";"Ensk.";"2,5";"0";"";"";"59";"89";"81";"9";"266";"241";"26"
"2025";"Malmö";"Malmö Montessoriskola";"Ensk.";"2,7";"0";"";"";"52";"90";"88";"1";"263";"257";"6"
"2025";"Malmö";"Klagshamnsskolan";"Kom.";"2,7";"1";"";"";"64";"92";"87";"5";"255";"252";"3"
"2025";"Malmö";"Linnéskolan";"Kom.";"2,6";"5";"";"";"60";"79";"80";"-1";"255";"243";"12"
"2025";"Malmö";"Pilbäckskolan";"Kom.";"2,7";"0";"";"";"49";"79";"88";"-8";"254";"257";"-2"
"2025";"Malmö";"Bergaskolan";"Kom.";"2,7";"4";"";"";"54";"79";"84";"-5";"253";"251";"2"
"2025";"Malmö";"Backaskolan";"Ensk.";"2,6";"0";"";"";"61";"86";"83";"2";"249";"245";"4"
"2025";"Malmö";"Runstyckets skola";"Ensk.";"2,8";"0";"";"";"35";"85";"89";"-4";"248";"263";"-15"
"2025";"Malmö";"Mariaskolan";"Ensk.";"2,5";"0";"";"";"60";"85";"80";"5";"246";"239";"7"
"2025";"Malmö";"Mellanhedsskolan";"Kom.";"2,5";"4";"";"";"53";"70";"76";"-6";"245";"236";"9"
"2025";"Malmö";"Videdalsskolan";"Kom.";"2,3";"5";"";"";"55";"73";"67";"5";"245";"220";"24"
"2025";"Malmö";"Montessori Mondial Malmö";"Ensk.";"2,3";"0";"";"";"38";"100";"71";"29";"244";"228";"15"
"2025";"Malmö";"Gottorpskolan";"Kom.";"2,4";"3";"";"";"50";"74";"71";"3";"243";"227";"15"
"2025";"Malmö";"Boukefs Privatskola";"Ensk.";"2";"0";"";"";"35";"57";"57";"-1";"240";"203";"37"
"2025";"Malmö";"JENSEN grundskola Malmö 2";"Ensk.";"2,2";"0";"";"";"55";"54";"65";"-11";"238";"213";"24"
"2025";"Malmö";"Fågelbacksskolan";"Kom.";"2,5";"1";"";"";"50";"78";"78";"0";"237";"238";"-1"
"2025";"Malmö";"Elinelundsskolan";"Kom.";"2,4";"6";"";"";"58";"74";"72";"3";"233";"228";"6"
"2025";"Malmö";"Neptuniskolan";"Kom.";"2,5";"2";"";"";"34";"65";"76";"-11";"233";"241";"-8"
"2025";"Malmö";"Mellersta Förstadsskolan";"Kom.";"2,4";"1";"";"";"55";"69";"72";"-3";"230";"227";"3"
"2025";"Malmö";"Rosengårdsskolan 7-9";"Kom.";"1,8";"4";"";"";"61";"78";"49";"29";"230";"184";"47"
"2025";"Malmö";"Sorgenfriskolan";"Kom.";"2,5";"10";"";"";"56";"68";"73";"-4";"230";"234";"-4"
"2025";"Malmö";"Toftanässkolan";"Kom.";"2,5";"1";"";"";"53";"71";"78";"-7";"230";"238";"-8"
"2025";"Malmö";"Munkhätteskolan";"Kom.";"1,9";"11";"";"";"60";"68";"49";"18";"229";"189";"40"
"2025";"Malmö";"Vittra Västra hamnen";"Ensk.";"2,1";"0";"";"";"47";"68";"60";"7";"224";"206";"19"
"2025";"Malmö";"Al-Salamahskolan";"Ensk.";"1,9";"0";"";"";"35";"50";"54";"-4";"222";"196";"25"
"2025";"Malmö";"Dammfriskolan";"Kom.";"2,3";"1";"";"";"49";"56";"70";"-14";"222";"224";"-2"
"2025";"Malmö";"Oxievångsskolan";"Kom.";"2,3";"0";"";"";"46";"63";"68";"-6";"221";"221";"-1"
"2025";"Malmö";"Lindeborgsskolan";"Kom.";"2,1";"4";"";"";"51";"63";"61";"2";"220";"209";"11"
"2025";"Malmö";"Rådmansvångens skola";"Kom.";"2,4";"9";"";"";"62";"68";"71";"-3";"220";"228";"-8"
"2025";"Malmö";"Höjaskolan";"Kom.";"2,1";"15";"";"";"38";"58";"53";"5";"219";"205";"14"
"2025";"Malmö";"Augustenborgsskolan";"Kom.";"2,1";"11";"";"";"55";"60";"55";"6";"215";"201";"14"
"2025";"Malmö";"Söderkullaskolan";"Kom.";"2";"4";"";"";"49";"60";"56";"5";"215";"199";"16"
"2025";"Malmö";"Hermodsdalsskolan";"Kom.";"1,9";"2";"";"";"59";"53";"55";"-2";"214";"193";"21"
"2025";"Malmö";"Örtagårdsskolan 7-9";"Kom.";"1,7";"13";"";"";"38";"71";"37";"34";"211";"174";"37"
"2025";"Malmö";"Lindängeskolan";"Kom.";"1,9";"9";"";"";"45";"59";"50";"9";"209";"194";"16"
"2025";"Malmö";"Rönnenskolan";"Kom.";"2";"13";"";"";"57";"31";"50";"-18";"202";"192";"10"
"2025";"Malmö";"Apelgårdsskolan 7-9";"Kom.";"1,7";"7";"";"";"56";"37";"41";"-4";"199";"172";"27"
"2025";"Malmö";"Kroksbäcksskolan";"Kom.";"1,8";"4";"";"";"67";"37";"46";"-9";"198";"177";"21"
"2025";"Malmö";"Stenkulaskolan";"Kom.";"2";"15";"";"";"53";"55";"49";"6";"197";"193";"4"
"2025";"Malmö";"Sofielundsskolan";"Kom.";"1,9";"7";"";"";"62";"48";"49";"-1";"190";"185";"5"
"2025";"Malmö";"Johannesskolan";"Kom.";"1,8";"19";"";"";"49";"43";"41";"2";"188";"183";"5"
"2025";"Malmö";"Möllevångsskolan";"Kom.";"2";"6";"";"";"41";"35";"55";"-20";"186";"202";"-16"
"2025";"Malmö";"Värner Rydénskolan 7-9";"Kom.";"1,7";"8";"";"";"53";"37";"41";"-4";"161";"173";"-12"
